id,fldNpdidFi,wlbNpdidWe,fldName,fldCurrent,wlbName,fldDiscove,fldFactPag,fldFactMap,fldOwnerKi,fldOwnerNa,cmpLongNam,wlbFactPag,fldHcType,fldMainAre,cmpNpdidCo,fldNpdidOw,fldDateUpd,fldDateU_1,fldMainSup,Shape_Leng,Shape_Area
104,23395946,3075,AASTA HANSTEEN,Producing,01/10/6707,1997,https://factpages.npd.no/factpages/default.aspx?nav1=field&nav2=PageView|All&nav3=23395946,https://factmaps.npd.no/factmaps/3_0/?run=FieldByNPDID&NPDID=23395946,PRODUCTION LICENSE,218,Equinor Energy AS,https://factpages.npd.no/factpages/default.aspx?nav1=wellbore&nav2=PageView|Exploration|All&nav3=3075,GAS,Norwegian Sea,32011216,22556,00:00.0,00:00.0,Sandnessj├╕en,57060.70423,26238070.2
122,33310197,4059,ÆRFUGL,Producing,03/05/6507,2000,https://factpages.npd.no/factpages/default.aspx?nav1=field&nav2=PageView|All&nav3=33310197,https://factmaps.npd.no/factmaps/3_0/?run=FieldByNPDID&NPDID=33310197,BUSINESS ARRANGEMENT AREA,SKARV UNIT,Aker BP ASA,https://factpages.npd.no/factpages/default.aspx?nav1=wellbore&nav2=PageView|Exploration|All&nav3=4059,GAS/CONDENSATE,Norwegian Sea,28544099,4468539,00:00.0,00:00.0,Sandnessj├╕en,129672.5009,100089747.3
1,43437,239,ALBUSKJELL,Shut down,01/06/2001,1972,https://factpages.npd.no/factpages/default.aspx?nav1=field&nav2=PageView|All&nav3=43437,https://factmaps.npd.no/factmaps/3_0/?run=FieldByNPDID&NPDID=43437,PRODUCTION LICENSE,18,ConocoPhillips Skandinavia AS,https://factpages.npd.no/factpages/default.aspx?nav1=wellbore&nav2=PageView|Exploration|All&nav3=239,GAS/CONDENSATE,North Sea,2410696,20900,00:00.0,00:00.0,,31388.4518,31624323.68
75,4444332,1533,ALVE,Producing,01/03/6507,1990,https://factpages.npd.no/factpages/default.aspx?nav1=field&nav2=PageView|All&nav3=4444332,https://factmaps.npd.no/factmaps/3_0/?run=FieldByNPDID&NPDID=4444332,PRODUCTION LICENSE,159 B,Equinor Energy AS,https://factpages.npd.no/factpages/default.aspx?nav1=wellbore&nav2=PageView|Exploration|All&nav3=1533,GAS/CONDENSATE,Norwegian Sea,32011216,2819945,00:00.0,00:00.0,Sandnessj├╕en,21978.89445,13319510.1
66,2845712,3397,ALVHEIM,Producing,24/06/2002,1998,https://factpages.npd.no/factpages/default.aspx?nav1=field&nav2=PageView|All&nav3=2845712,https://factmaps.npd.no/factmaps/3_0/?run=FieldByNPDID&NPDID=2845712,PRODUCTION LICENSE,203,Aker BP ASA,https://factpages.npd.no/factpages/default.aspx?nav1=wellbore&nav2=PageView|Exploration|All&nav3=3397,OIL/GAS,North Sea,28544099,22436,00:00.0,00:00.0,,135985.9973,80921560.3
42,43765,68,ÅSGARD,Producing,01/11/6507,1981,https://factpages.npd.no/factpages/default.aspx?nav1=field&nav2=PageView|All&nav3=43765,https://factmaps.npd.no/factmaps/3_0/?run=FieldByNPDID&NPDID=43765,BUSINESS ARRANGEMENT AREA,├àSGARD UNIT,Equinor Energy AS,https://factpages.npd.no/factpages/default.aspx?nav1=wellbore&nav2=PageView|Exploration|All&nav3=68,GAS/CONDENSATE,Norwegian Sea,32011216,40564,00:00.0,00:00.0,Kristiansund,197488.0602,251340739.7
94,21106284,6423,ATLA,Producing,25/05/2007,2010,https://factpages.npd.no/factpages/default.aspx?nav1=field&nav2=PageView|All&nav3=21106284,https://factmaps.npd.no/factmaps/3_0/?run=FieldByNPDID&NPDID=21106284,PRODUCTION LICENSE,102 C,Total E&P Norge AS,https://factpages.npd.no/factpages/default.aspx?nav1=wellbore&nav2=PageView|Exploration|All&nav3=6423,GAS/CONDENSATE,North Sea,2410708,5467035,00:00.0,00:00.0,,11411.79256,2767167.404
17,43562,143,BALDER,Producing,25/11/2001,1967,https://factpages.npd.no/factpages/default.aspx?nav1=field&nav2=PageView|All&nav3=43562,https://factmaps.npd.no/factmaps/3_0/?run=FieldByNPDID&NPDID=43562,PRODUCTION LICENSE,1,V├Ñr Energi AS,https://factpages.npd.no/factpages/default.aspx?nav1=wellbore&nav2=PageView|Exploration|All&nav3=143,OIL,North Sea,33360957,20756,00:00.0,00:00.0,Dusavik,117011.7806,84833992.15
117,29446221,7265,BAUGE,Approved for production,06/08/6407,2013,https://factpages.npd.no/factpages/default.aspx?nav1=field&nav2=PageView|All&nav3=29446221,https://factmaps.npd.no/factmaps/3_0/?run=FieldByNPDID&NPDID=29446221,PRODUCTION LICENSE,348,Equinor Energy AS,https://factpages.npd.no/factpages/default.aspx?nav1=wellbore&nav2=PageView|Exploration|All&nav3=7265,OIL,Norwegian Sea,32011216,2987047,00:00.0,00:00.0,Kristiansund,12024.82711,6442262.278
69,3437650,1382,BLANE,Producing,01/02/2001,1989,https://factpages.npd.no/factpages/default.aspx?nav1=field&nav2=PageView|All&nav3=3437650,https://factmaps.npd.no/factmaps/3_0/?run=FieldByNPDID&NPDID=3437650,BUSINESS ARRANGEMENT AREA,BLANE UNIT,Repsol Norge AS,https://factpages.npd.no/factpages/default.aspx?nav1=wellbore&nav2=PageView|Exploration|All&nav3=1382,OIL,North Sea,27052812,3437667,00:00.0,00:00.0,,32361.63283,25067807.5
100,22492497,6222,BØYLA,Producing,24/9-9 S,2009,https://factpages.npd.no/factpages/default.aspx?nav1=field&nav2=PageView|All&nav3=22492497,https://factmaps.npd.no/factmaps/3_0/?run=FieldByNPDID&NPDID=22492497,PRODUCTION LICENSE,340,Aker BP ASA,https://factpages.npd.no/factpages/default.aspx?nav1=wellbore&nav2=PageView|Exploration|All&nav3=6222,OIL,North Sea,28544099,2986630,00:00.0,00:00.0,,20265.66705,13395216.81
29,43651,402,BRAGE,Producing,31/4-3,1980,https://factpages.npd.no/factpages/default.aspx?nav1=field&nav2=PageView|All&nav3=43651,https://factmaps.npd.no/factmaps/3_0/?run=FieldByNPDID&NPDID=43651,BUSINESS ARRANGEMENT AREA,BRAGE UNIT,Wintershall Dea Norge AS,https://factpages.npd.no/factpages/default.aspx?nav1=wellbore&nav2=PageView|Exploration|All&nav3=402,OIL,North Sea,35318843,40432,00:00.0,00:00.0,Mongstad,95252.79221,93667654.96
95,21123063,1868,BRYNHILD,Shut down,07/07/2002,1992,https://factpages.npd.no/factpages/default.aspx?nav1=field&nav2=PageView|All&nav3=21123063,https://factmaps.npd.no/factmaps/3_0/?run=FieldByNPDID&NPDID=21123063,PRODUCTION LICENSE,148,Lundin Energy Norway AS,https://factpages.npd.no/factpages/default.aspx?nav1=wellbore&nav2=PageView|Exploration|All&nav3=1868,OIL,North Sea,36998861,21996,00:00.0,00:00.0,,12121.60068,9069111.381
110,28975067,5063,BYRDING,Producing,35/11-13,2005,https://factpages.npd.no/factpages/default.aspx?nav1=field&nav2=PageView|All&nav3=28975067,https://factmaps.npd.no/factmaps/3_0/?run=FieldByNPDID&NPDID=28975067,PRODUCTION LICENSE,090 B,Equinor Energy AS,https://factpages.npd.no/factpages/default.aspx?nav1=wellbore&nav2=PageView|Exploration|All&nav3=5063,OIL/GAS,North Sea,32011216,3426781,00:00.0,00:00.0,Mongstad,27632.83022,10588475.92
45,43785,149,COD,Shut down,07/11/2001,1968,https://factpages.npd.no/factpages/default.aspx?nav1=field&nav2=PageView|All&nav3=43785,https://factmaps.npd.no/factmaps/3_0/?run=FieldByNPDID&NPDID=43785,PRODUCTION LICENSE,18,ConocoPhillips Skandinavia AS,https://factpages.npd.no/factpages/default.aspx?nav1=wellbore&nav2=PageView|Exploration|All&nav3=149,GAS/CONDENSATE,North Sea,2410696,20900,00:00.0,00:00.0,,11870.87299,8208572.412
41,43758,133,DRAUGEN,Producing,01/09/6407,1984,https://factpages.npd.no/factpages/default.aspx?nav1=field&nav2=PageView|All&nav3=43758,https://factmaps.npd.no/factmaps/3_0/?run=FieldByNPDID&NPDID=43758,PRODUCTION LICENSE,93,OKEA ASA,https://factpages.npd.no/factpages/default.aspx?nav1=wellbore&nav2=PageView|Exploration|All&nav3=133,OIL,Norwegian Sea,34925006,21548,00:00.0,00:00.0,Kristiansund,72993.49464,62980998.05
124,34833026,7988,DUVA,Approved for production,36/7-4,2016,https://factpages.npd.no/factpages/default.aspx?nav1=field&nav2=PageView|All&nav3=34833026,https://factmaps.npd.no/factmaps/3_0/?run=FieldByNPDID&NPDID=34833026,PRODUCTION LICENSE,636,Neptune Energy Norge AS,https://factpages.npd.no/factpages/default.aspx?nav1=wellbore&nav2=PageView|Exploration|All&nav3=7988,OIL/GAS,North Sea,31123361,21561151,00:00.0,00:00.0,Flor├╕,24046.20377,12981846.42
112,29393934,6367,DVALIN,Approved for production,6507/7-14 S,2010,https://factpages.npd.no/factpages/default.aspx?nav1=field&nav2=PageView|All&nav3=29393934,https://factmaps.npd.no/factmaps/3_0/?run=FieldByNPDID&NPDID=29393934,PRODUCTION LICENSE,435,Wintershall Dea Norge AS,https://factpages.npd.no/factpages/default.aspx?nav1=wellbore&nav2=PageView|Exploration|All&nav3=6367,GAS,Norwegian Sea,35318843,4238696,00:00.0,00:00.0,Kristiansund,41265.16271,17475870.88
14,43541,263,EDDA,Shut down,02/07/2004,1972,https://factpages.npd.no/factpages/default.aspx?nav1=field&nav2=PageView|All&nav3=43541,https://factmaps.npd.no/factmaps/3_0/?run=FieldByNPDID&NPDID=43541,PRODUCTION LICENSE,18,ConocoPhillips Skandinavia AS,https://factpages.npd.no/factpages/default.aspx?nav1=wellbore&nav2=PageView|Exploration|All&nav3=263,OIL,North Sea,2410696,20900,00:00.0,00:00.0,,17813.20386,11831203.23
98,21675433,5612,EDVARD GRIEG,Producing,16/01/2008,2007,https://factpages.npd.no/factpages/default.aspx?nav1=field&nav2=PageView|All&nav3=21675433,https://factmaps.npd.no/factmaps/3_0/?run=FieldByNPDID&NPDID=21675433,PRODUCTION LICENSE,338,Lundin Energy Norway AS,https://factpages.npd.no/factpages/default.aspx?nav1=wellbore&nav2=PageView|Exploration|All&nav3=5612,OIL,North Sea,36998861,2986578,00:00.0,00:00.0,Tananger,27057.77996,32563356.26
9,43506,172,EKOFISK,Producing,02/04/2002,1969,https://factpages.npd.no/factpages/default.aspx?nav1=field&nav2=PageView|All&nav3=43506,https://factmaps.npd.no/factmaps/3_0/?run=FieldByNPDID&NPDID=43506,PRODUCTION LICENSE,18,ConocoPhillips Skandinavia AS,https://factpages.npd.no/factpages/default.aspx?nav1=wellbore&nav2=PageView|Exploration|All&nav3=172,OIL,North Sea,2410696,20900,00:00.0,00:00.0,Tananger,25256.68449,37279406.1
12,43527,179,ELDFISK,Producing,02/07/2001,1970,https://factpages.npd.no/factpages/default.aspx?nav1=field&nav2=PageView|All&nav3=43527,https://factmaps.npd.no/factmaps/3_0/?run=FieldByNPDID&NPDID=43527,PRODUCTION LICENSE,18,ConocoPhillips Skandinavia AS,https://factpages.npd.no/factpages/default.aspx?nav1=wellbore&nav2=PageView|Exploration|All&nav3=179,OIL,North Sea,2410696,20900,00:00.0,00:00.0,Tananger,31147.67562,24082937.03
13,43534,1062,EMBLA,Producing,02/07/2020,1988,https://factpages.npd.no/factpages/default.aspx?nav1=field&nav2=PageView|All&nav3=43534,https://factmaps.npd.no/factmaps/3_0/?run=FieldByNPDID&NPDID=43534,PRODUCTION LICENSE,18,ConocoPhillips Skandinavia AS,https://factpages.npd.no/factpages/default.aspx?nav1=wellbore&nav2=PageView|Exploration|All&nav3=1062,OIL,North Sea,2410696,20900,00:00.0,00:00.0,Tananger,19674.69807,12805678.08
70,3437659,0,ENOCH,Producing,?,1985,https://factpages.npd.no/factpages/default.aspx?nav1=field&nav2=PageView|All&nav3=3437659,https://factmaps.npd.no/factmaps/3_0/?run=FieldByNPDID&NPDID=3437659,BUSINESS ARRANGEMENT AREA,ENOCH UNIT,Repsol Sinopec North Sea Limited,https://factpages.npd.no/factpages/default.aspx?nav1=wellbore&nav2=PageView|Exploration|All&nav3=0,OIL,North Sea,28222425,3437805,00:00.0,00:00.0,,17483.76556,13038410.61
119,31164879,7322,FENJA,Approved for production,6406/12-3 S,2014,https://factpages.npd.no/factpages/default.aspx?nav1=field&nav2=PageView|All&nav3=31164879,https://factmaps.npd.no/factmaps/3_0/?run=FieldByNPDID&NPDID=31164879,PRODUCTION LICENSE,586,Neptune Energy Norge AS,https://factpages.npd.no/factpages/default.aspx?nav1=wellbore&nav2=PageView|Exploration|All&nav3=7322,OIL/GAS,Norwegian Sea,31123361,20109200,00:00.0,00:00.0,Kristiansund,19458.50586,8897540.346
106,24635035,238,FLYNDRE,Producing,01/05/2002,1974,https://factpages.npd.no/factpages/default.aspx?nav1=field&nav2=PageView|All&nav3=24635035,https://factmaps.npd.no/factmaps/3_0/?run=FieldByNPDID&NPDID=24635035,BUSINESS ARRANGEMENT AREA,FLYNDRE UNIT,PetrogasNEO UK Ltd,https://factpages.npd.no/factpages/default.aspx?nav1=wellbore&nav2=PageView|Exploration|All&nav3=238,OIL,North Sea,35317872,29395339,00:00.0,00:00.0,,27144.0783,22806257.14
57,1578840,1523,FRAM,Producing,35/11-4,1990,https://factpages.npd.no/factpages/default.aspx?nav1=field&nav2=PageView|All&nav3=1578840,https://factmaps.npd.no/factmaps/3_0/?run=FieldByNPDID&NPDID=1578840,PRODUCTION LICENSE,90,Equinor Energy AS,https://factpages.npd.no/factpages/default.aspx?nav1=wellbore&nav2=PageView|Exploration|All&nav3=1523,OIL/GAS,North Sea,32011216,21524,00:00.0,00:00.0,Mongstad,71526.97152,29298444.81
105,23410947,5517,FRAM H-NORD,Producing,35/11-15 S,2007,https://factpages.npd.no/factpages/default.aspx?nav1=field&nav2=PageView|All&nav3=23410947,https://factmaps.npd.no/factmaps/3_0/?run=FieldByNPDID&NPDID=23410947,BUSINESS ARRANGEMENT AREA,FRAM H-NORD UNIT,Equinor Energy AS,https://factpages.npd.no/factpages/default.aspx?nav1=wellbore&nav2=PageView|Exploration|All&nav3=5517,OIL,North Sea,32011216,23410876,00:00.0,00:00.0,Mongstad,10786.03095,3685033.312
16,43555,190,FRIGG,Shut down,25/01/2001,1971,https://factpages.npd.no/factpages/default.aspx?nav1=field&nav2=PageView|All&nav3=43555,https://factmaps.npd.no/factmaps/3_0/?run=FieldByNPDID&NPDID=43555,PRODUCTION LICENSE,903,Equinor Energy AS,https://factpages.npd.no/factpages/default.aspx?nav1=wellbore&nav2=PageView|Exploration|All&nav3=190,GAS,North Sea,32011216,28974935,00:00.0,00:00.0,,67700.71901,103550105.5
22,43597,884,FRØY,Shut down,25/05/2001,1987,https://factpages.npd.no/factpages/default.aspx?nav1=field&nav2=PageView|All&nav3=43597,https://factmaps.npd.no/factmaps/3_0/?run=FieldByNPDID&NPDID=43597,PRODUCTION LICENSE,364,Aker BP ASA,https://factpages.npd.no/factpages/default.aspx?nav1=wellbore&nav2=PageView|Exploration|All&nav3=884,OIL,North Sea,28544099,3810636,00:00.0,00:00.0,,18607.31521,11242596.36
87,18161341,450,GAUPE,Shut down,06/03/2001,1985,https://factpages.npd.no/factpages/default.aspx?nav1=field&nav2=PageView|All&nav3=18161341,https://factmaps.npd.no/factmaps/3_0/?run=FieldByNPDID&NPDID=18161341,PRODUCTION LICENSE,292,A/S Norske Shell,https://factpages.npd.no/factpages/default.aspx?nav1=wellbore&nav2=PageView|Exploration|All&nav3=450,OIL/GAS,North Sea,562,2407572,00:00.0,00:00.0,,21079.7501,9735709.841
73,4005142,4902,GIMLE,Producing,34/10-48 S,2004,https://factpages.npd.no/factpages/default.aspx?nav1=field&nav2=PageView|All&nav3=4005142,https://factmaps.npd.no/factmaps/3_0/?run=FieldByNPDID&NPDID=4005142,BUSINESS ARRANGEMENT AREA,GIMLE UNIT,Equinor Energy AS,https://factpages.npd.no/factpages/default.aspx?nav1=wellbore&nav2=PageView|Exploration|All&nav3=4902,OIL,North Sea,32011216,4007192,00:00.0,00:00.0,Mongstad,22797.08428,7007569.725
103,23384544,315,GINA KROG,Producing,15/05/2001,1978,https://factpages.npd.no/factpages/default.aspx?nav1=field&nav2=PageView|All&nav3=23384544,https://factmaps.npd.no/factmaps/3_0/?run=FieldByNPDID&NPDID=23384544,BUSINESS ARRANGEMENT AREA,GINA KROG UNIT,Equinor Energy AS,https://factpages.npd.no/factpages/default.aspx?nav1=wellbore&nav2=PageView|Exploration|All&nav3=315,OIL/GAS,North Sea,32011216,23412556,00:00.0,00:00.0,Dusavik,37649.57124,28425335.52
77,4467574,1375,GJØA,Producing,35/9-1,1989,https://factpages.npd.no/factpages/default.aspx?nav1=field&nav2=PageView|All&nav3=4467574,https://factmaps.npd.no/factmaps/3_0/?run=FieldByNPDID&NPDID=4467574,PRODUCTION LICENSE,153,Neptune Energy Norge AS,https://factpages.npd.no/factpages/default.aspx?nav1=wellbore&nav2=PageView|Exploration|All&nav3=1375,OIL/GAS,North Sea,31123361,22036,00:00.0,00:00.0,Flor├╕,58009.61169,38872635.09
56,1272071,2635,GLITNE,Shut down,15/05/2005,1995,https://factpages.npd.no/factpages/default.aspx?nav1=field&nav2=PageView|All&nav3=1272071,https://factmaps.npd.no/factmaps/3_0/?run=FieldByNPDID&NPDID=1272071,PRODUCTION LICENSE,777 D,Aker BP ASA,https://factpages.npd.no/factpages/default.aspx?nav1=wellbore&nav2=PageView|Exploration|All&nav3=2635,OIL,North Sea,28544099,30977561,00:00.0,00:00.0,Dusavik,30344.41083,12486082.17
84,5774394,4173,GOLIAT,Producing,01/07/7122,2000,https://factpages.npd.no/factpages/default.aspx?nav1=field&nav2=PageView|All&nav3=5774394,https://factmaps.npd.no/factmaps/3_0/?run=FieldByNPDID&NPDID=5774394,PRODUCTION LICENSE,229,V├Ñr Energi AS,https://factpages.npd.no/factpages/default.aspx?nav1=wellbore&nav2=PageView|Exploration|All&nav3=4173,OIL,Barents Sea,33360957,22644,00:00.0,00:00.0,Hammerfest,40433.69337,22535953.29
54,1035937,1872,GRANE,Producing,25/11/2015,1991,https://factpages.npd.no/factpages/default.aspx?nav1=field&nav2=PageView|All&nav3=1035937,https://factmaps.npd.no/factmaps/3_0/?run=FieldByNPDID&NPDID=1035937,BUSINESS ARRANGEMENT AREA,GRANE UNIT,Equinor Energy AS,https://factpages.npd.no/factpages/default.aspx?nav1=wellbore&nav2=PageView|Exploration|All&nav3=1872,OIL,North Sea,32011216,1031365,00:00.0,00:00.0,Dusavik,36468.61423,29061335.38
86,18116481,309,GUDRUN,Producing,15/3-1 S,1975,https://factpages.npd.no/factpages/default.aspx?nav1=field&nav2=PageView|All&nav3=18116481,https://factmaps.npd.no/factmaps/3_0/?run=FieldByNPDID&NPDID=18116481,PRODUCTION LICENSE,25,Equinor Energy AS,https://factpages.npd.no/factpages/default.aspx?nav1=wellbore&nav2=PageView|Exploration|All&nav3=309,GAS/CONDENSATE,North Sea,32011216,34512,00:00.0,00:00.0,Dusavik,42046.75372,25586790.31
34,43686,424,GULLFAKS,Producing,34/10-1,1978,https://factpages.npd.no/factpages/default.aspx?nav1=field&nav2=PageView|All&nav3=43686,https://factmaps.npd.no/factmaps/3_0/?run=FieldByNPDID&NPDID=43686,PRODUCTION LICENSE,50,Equinor Energy AS,https://factpages.npd.no/factpages/default.aspx?nav1=wellbore&nav2=PageView|Exploration|All&nav3=424,OIL,North Sea,32011216,21188,00:00.0,00:00.0,Mongstad,84190.48204,63154866.11
35,43699,425,GULLFAKS SØR,Producing,34/10-2,1978,https://factpages.npd.no/factpages/default.aspx?nav1=field&nav2=PageView|All&nav3=43699,https://factmaps.npd.no/factmaps/3_0/?run=FieldByNPDID&NPDID=43699,PRODUCTION LICENSE,50,Equinor Energy AS,https://factpages.npd.no/factpages/default.aspx?nav1=wellbore&nav2=PageView|Exploration|All&nav3=425,OIL/GAS,North Sea,32011216,21188,00:00.0,00:00.0,Mongstad,136284.2246,80394336.28
5,43464,74,GUNGNE,Producing,15/09/2015,1982,https://factpages.npd.no/factpages/default.aspx?nav1=field&nav2=PageView|All&nav3=43464,https://factmaps.npd.no/factmaps/3_0/?run=FieldByNPDID&NPDID=43464,PRODUCTION LICENSE,46,Equinor Energy AS,https://factpages.npd.no/factpages/default.aspx?nav1=wellbore&nav2=PageView|Exploration|All&nav3=74,GAS,North Sea,32011216,21156,00:00.0,00:00.0,Dusavik,20291.50826,9625988.466
8,43492,251,GYDA,Shut down,02/01/2003,1980,https://factpages.npd.no/factpages/default.aspx?nav1=field&nav2=PageView|All&nav3=43492,https://factmaps.npd.no/factmaps/3_0/?run=FieldByNPDID&NPDID=43492,PRODUCTION LICENSE,019 B,Repsol Norge AS,https://factpages.npd.no/factpages/default.aspx?nav1=wellbore&nav2=PageView|Exploration|All&nav3=251,OIL,North Sea,27052812,20924,00:00.0,00:00.0,Tananger,44568.24379,41085681.88
107,25307278,2955,HANZ,Approved for production,25/10/2008,1997,https://factpages.npd.no/factpages/default.aspx?nav1=field&nav2=PageView|All&nav3=25307278,https://factmaps.npd.no/factmaps/3_0/?run=FieldByNPDID&NPDID=25307278,PRODUCTION LICENSE,028 B,Aker BP ASA,https://factpages.npd.no/factpages/default.aspx?nav1=wellbore&nav2=PageView|Exploration|All&nav3=2955,OIL/GAS,North Sea,28544099,917484,00:00.0,00:00.0,Tananger,19318.22887,11352290.16
43,43771,464,HEIDRUN,Producing,02/07/6507,1985,https://factpages.npd.no/factpages/default.aspx?nav1=field&nav2=PageView|All&nav3=43771,https://factmaps.npd.no/factmaps/3_0/?run=FieldByNPDID&NPDID=43771,BUSINESS ARRANGEMENT AREA,HEIDRUN UNIT,Equinor Energy AS,https://factpages.npd.no/factpages/default.aspx?nav1=wellbore&nav2=PageView|Exploration|All&nav3=464,OIL/GAS,Norwegian Sea,32011216,40490,00:00.0,00:00.0,Kristiansund,38084.80141,39269012.37
21,43590,359,HEIMDAL,Producing,25/04/2001,1972,https://factpages.npd.no/factpages/default.aspx?nav1=field&nav2=PageView|All&nav3=43590,https://factmaps.npd.no/factmaps/3_0/?run=FieldByNPDID&NPDID=43590,PRODUCTION LICENSE,036 BS,Equinor Energy AS,https://factpages.npd.no/factpages/default.aspx?nav1=wellbore&nav2=PageView|Exploration|All&nav3=359,OIL/GAS,North Sea,32011216,2473189,00:00.0,00:00.0,Dusavik,25784.88594,37932992.14
7,43485,285,HOD,Producing,02/11/2002,1974,https://factpages.npd.no/factpages/default.aspx?nav1=field&nav2=PageView|All&nav3=43485,https://factmaps.npd.no/factmaps/3_0/?run=FieldByNPDID&NPDID=43485,PRODUCTION LICENSE,33,Aker BP ASA,https://factpages.npd.no/factpages/default.aspx?nav1=wellbore&nav2=PageView|Exploration|All&nav3=285,OIL,North Sea,28544099,21052,00:00.0,00:00.0,Tananger,22371.35731,12309933.64
50,97002,72,HULDRA,Shut down,30/2-1,1982,https://factpages.npd.no/factpages/default.aspx?nav1=field&nav2=PageView|All&nav3=97002,https://factmaps.npd.no/factmaps/3_0/?run=FieldByNPDID&NPDID=97002,PRODUCTION LICENSE,878,Equinor Energy AS,https://factpages.npd.no/factpages/default.aspx?nav1=wellbore&nav2=PageView|Exploration|All&nav3=72,GAS/CONDENSATE,North Sea,32011216,28973861,00:00.0,00:00.0,Mongstad,26363.29218,27519258.27
92,20474183,6110,HYME,Producing,6407/8-5 S,2009,https://factpages.npd.no/factpages/default.aspx?nav1=field&nav2=PageView|All&nav3=20474183,https://factmaps.npd.no/factmaps/3_0/?run=FieldByNPDID&NPDID=20474183,PRODUCTION LICENSE,348,Equinor Energy AS,https://factpages.npd.no/factpages/default.aspx?nav1=wellbore&nav2=PageView|Exploration|All&nav3=6110,OIL,Norwegian Sea,32011216,2987047,00:00.0,00:00.0,Kristiansund,9435.45175,3714734.629
93,21105675,0,ISLAY,Producing,?,2008,https://factpages.npd.no/factpages/default.aspx?nav1=field&nav2=PageView|All&nav3=21105675,https://factmaps.npd.no/factmaps/3_0/?run=FieldByNPDID&NPDID=21105675,BUSINESS ARRANGEMENT AREA,ISLAY UNIT,Total E&P UK Ltd,https://factpages.npd.no/factpages/default.aspx?nav1=wellbore&nav2=PageView|Exploration|All&nav3=0,GAS,North Sea,2747820,27122635,00:00.0,00:00.0,,7903.211545,1493982.077
102,23384520,5773,IVAR AASEN,Producing,16/01/2009,2008,https://factpages.npd.no/factpages/default.aspx?nav1=field&nav2=PageView|All&nav3=23384520,https://factmaps.npd.no/factmaps/3_0/?run=FieldByNPDID&NPDID=23384520,BUSINESS ARRANGEMENT AREA,IVAR AASEN UNIT,Aker BP ASA,https://factpages.npd.no/factpages/default.aspx?nav1=wellbore&nav2=PageView|Exploration|All&nav3=5773,OIL,North Sea,28544099,25307128,00:00.0,00:00.0,Tananger,34166.17141,31695478.39
97,21613906,6185,JETTE,Shut down,25/08/2017,2009,https://factpages.npd.no/factpages/default.aspx?nav1=field&nav2=PageView|All&nav3=21613906,https://factmaps.npd.no/factmaps/3_0/?run=FieldByNPDID&NPDID=21613906,,,,https://factpages.npd.no/factpages/default.aspx?nav1=wellbore&nav2=PageView|Exploration|All&nav3=6185,OIL,North Sea,,,00:00.0,00:00.0,,19183.13414,16893022.06
120,32017325,6484,JOHAN CASTBERG,Approved for production,01/08/7220,2011,https://factpages.npd.no/factpages/default.aspx?nav1=field&nav2=PageView|All&nav3=32017325,https://factmaps.npd.no/factmaps/3_0/?run=FieldByNPDID&NPDID=32017325,PRODUCTION LICENSE,532,Equinor Energy AS,https://factpages.npd.no/factpages/default.aspx?nav1=wellbore&nav2=PageView|Exploration|All&nav3=6484,OIL/GAS,Barents Sea,32011216,5463659,00:00.0,00:00.0,Hammerfest,49392.81165,26437942.52
108,26376286,6374,JOHAN SVERDRUP,Producing,16/02/2006,2010,https://factpages.npd.no/factpages/default.aspx?nav1=field&nav2=PageView|All&nav3=26376286,https://factmaps.npd.no/factmaps/3_0/?run=FieldByNPDID&NPDID=26376286,BUSINESS ARRANGEMENT AREA,JOHAN SVERDRUP UNIT,Equinor Energy AS,https://factpages.npd.no/factpages/default.aspx?nav1=wellbore&nav2=PageView|Exploration|All&nav3=6374,OIL,North Sea,32011216,26312510,00:00.0,00:00.0,Dusavik,127239.7089,194959891.1
23,43604,2390,JOTUN,Shut down,25/8-5 S,1994,https://factpages.npd.no/factpages/default.aspx?nav1=field&nav2=PageView|All&nav3=43604,https://factmaps.npd.no/factmaps/3_0/?run=FieldByNPDID&NPDID=43604,PRODUCTION LICENSE,1043,V├Ñr Energi AS,https://factpages.npd.no/factpages/default.aspx?nav1=wellbore&nav2=PageView|Exploration|All&nav3=2390,OIL,North Sea,33360957,36464418,00:00.0,00:00.0,Dusavik,61854.99855,32319244
90,20460988,5811,KNARR,Producing,34/3-1 S,2008,https://factpages.npd.no/factpages/default.aspx?nav1=field&nav2=PageView|All&nav3=20460988,https://factmaps.npd.no/factmaps/3_0/?run=FieldByNPDID&NPDID=20460988,PRODUCTION LICENSE,373 S,A/S Norske Shell,https://factpages.npd.no/factpages/default.aspx?nav1=wellbore&nav2=PageView|Exploration|All&nav3=5811,OIL,North Sea,562,3811116,00:00.0,00:00.0,Flor├╕,29638.42317,8001113.502
61,1854729,2849,KRISTIN,Producing,03/02/6406,1997,https://factpages.npd.no/factpages/default.aspx?nav1=field&nav2=PageView|All&nav3=1854729,https://factmaps.npd.no/factmaps/3_0/?run=FieldByNPDID&NPDID=1854729,BUSINESS ARRANGEMENT AREA,HALTENBANKEN VEST UNIT,Equinor Energy AS,https://factpages.npd.no/factpages/default.aspx?nav1=wellbore&nav2=PageView|Exploration|All&nav3=2849,GAS/CONDENSATE,Norwegian Sea,32011216,1854695,00:00.0,00:00.0,Kristiansund,57249.75305,57479591.02
55,1036101,2377,KVITEBJØRN,Producing,34/11-1,1994,https://factpages.npd.no/factpages/default.aspx?nav1=field&nav2=PageView|All&nav3=1036101,https://factmaps.npd.no/factmaps/3_0/?run=FieldByNPDID&NPDID=1036101,PRODUCTION LICENSE,193,Equinor Energy AS,https://factpages.npd.no/factpages/default.aspx?nav1=wellbore&nav2=PageView|Exploration|All&nav3=2377,GAS/CONDENSATE,North Sea,32011216,22356,00:00.0,00:00.0,Mongstad,34496.04426,51032393.31
20,43583,356,LILLE-FRIGG,Shut down,25/02/2004,1975,https://factpages.npd.no/factpages/default.aspx?nav1=field&nav2=PageView|All&nav3=43583,https://factmaps.npd.no/factmaps/3_0/?run=FieldByNPDID&NPDID=43583,PRODUCTION LICENSE,873,Aker BP ASA,https://factpages.npd.no/factpages/default.aspx?nav1=wellbore&nav2=PageView|Exploration|All&nav3=356,GAS/CONDENSATE,North Sea,28544099,28973585,00:00.0,00:00.0,,16414.57036,8202051.068
109,26465170,6350,MARIA,Producing,08/03/6406,2010,https://factpages.npd.no/factpages/default.aspx?nav1=field&nav2=PageView|All&nav3=26465170,https://factmaps.npd.no/factmaps/3_0/?run=FieldByNPDID&NPDID=26465170,PRODUCTION LICENSE,475 BS,Wintershall Dea Norge AS,https://factpages.npd.no/factpages/default.aspx?nav1=wellbore&nav2=PageView|Exploration|All&nav3=6350,OIL/GAS,Norwegian Sea,35318843,5107669,00:00.0,00:00.0,,27117.19658,22337296.4
99,21675447,507,MARTIN LINGE,Approved for production,30/7-6 R,1978,https://factpages.npd.no/factpages/default.aspx?nav1=field&nav2=PageView|All&nav3=21675447,https://factmaps.npd.no/factmaps/3_0/?run=FieldByNPDID&NPDID=21675447,BUSINESS ARRANGEMENT AREA,MARTIN LINGE UNIT,Equinor Energy AS,https://factpages.npd.no/factpages/default.aspx?nav1=wellbore&nav2=PageView|Exploration|All&nav3=507,OIL/GAS,North Sea,32011216,3812119,00:00.0,00:00.0,Tananger/Dusavik,43543.28428,25061268.56
88,18212090,1840,MARULK,Producing,02/02/6507,1992,https://factpages.npd.no/factpages/default.aspx?nav1=field&nav2=PageView|All&nav3=18212090,https://factmaps.npd.no/factmaps/3_0/?run=FieldByNPDID&NPDID=18212090,PRODUCTION LICENSE,122,V├Ñr Energi AS,https://factpages.npd.no/factpages/default.aspx?nav1=wellbore&nav2=PageView|Exploration|All&nav3=1840,GAS,Norwegian Sea,33360957,21788,00:00.0,00:00.0,Sandnessj├╕en,35565.9484,34467308.4
60,1630514,1024,MIKKEL,Producing,03/06/6407,1987,https://factpages.npd.no/factpages/default.aspx?nav1=field&nav2=PageView|All&nav3=1630514,https://factmaps.npd.no/factmaps/3_0/?run=FieldByNPDID&NPDID=1630514,BUSINESS ARRANGEMENT AREA,MIKKEL UNIT,Equinor Energy AS,https://factpages.npd.no/factpages/default.aspx?nav1=wellbore&nav2=PageView|Exploration|All&nav3=1024,GAS/CONDENSATE,Norwegian Sea,32011216,1629477,00:00.0,00:00.0,Kristiansund,32735.21501,20827850.22
46,43792,42,MIME,Shut down,07/11/2005,1982,https://factpages.npd.no/factpages/default.aspx?nav1=field&nav2=PageView|All&nav3=43792,https://factmaps.npd.no/factmaps/3_0/?run=FieldByNPDID&NPDID=43792,PRODUCTION LICENSE,907,Aker BP ASA,https://factpages.npd.no/factpages/default.aspx?nav1=wellbore&nav2=PageView|Exploration|All&nav3=42,OIL,North Sea,28544099,30674106,00:00.0,00:00.0,,9344.479411,5818653.066
80,4966234,3322,MORVIN,Producing,07/11/6506,2001,https://factpages.npd.no/factpages/default.aspx?nav1=field&nav2=PageView|All&nav3=4966234,https://factmaps.npd.no/factmaps/3_0/?run=FieldByNPDID&NPDID=4966234,PRODUCTION LICENSE,134 B,Equinor Energy AS,https://factpages.npd.no/factpages/default.aspx?nav1=wellbore&nav2=PageView|Exploration|All&nav3=3322,OIL/GAS,Norwegian Sea,32011216,1025257,00:00.0,00:00.0,Kristiansund,28381.71007,37733274.54
31,43665,0,MURCHISON,Shut down,?,1975,https://factpages.npd.no/factpages/default.aspx?nav1=field&nav2=PageView|All&nav3=43665,https://factmaps.npd.no/factmaps/3_0/?run=FieldByNPDID&NPDID=43665,,,,https://factpages.npd.no/factpages/default.aspx?nav1=wellbore&nav2=PageView|Exploration|All&nav3=0,OIL,North Sea,,,00:00.0,00:00.0,"Peterhead, Skottland",20844.55245,19143490
40,43751,474,NJORD,Producing,6407/7-1 S,1986,https://factpages.npd.no/factpages/default.aspx?nav1=field&nav2=PageView|All&nav3=43751,https://factmaps.npd.no/factmaps/3_0/?run=FieldByNPDID&NPDID=43751,BUSINESS ARRANGEMENT AREA,NJORD UNIT,Equinor Energy AS,https://factpages.npd.no/factpages/default.aspx?nav1=wellbore&nav2=PageView|Exploration|All&nav3=474,OIL,Norwegian Sea,32011216,40585,00:00.0,00:00.0,Kristiansund,44426.84494,30878647.05
18,43568,350,NORDØST FRIGG,Shut down,25/01/2004,1974,https://factpages.npd.no/factpages/default.aspx?nav1=field&nav2=PageView|All&nav3=43568,https://factmaps.npd.no/factmaps/3_0/?run=FieldByNPDID&NPDID=43568,PRODUCTION LICENSE,903,Equinor Energy AS,https://factpages.npd.no/factpages/default.aspx?nav1=wellbore&nav2=PageView|Exploration|All&nav3=350,GAS,North Sea,32011216,28974935,00:00.0,00:00.0,,22741.92398,17105220.84
44,43778,1782,NORNE,Producing,02/10/6608,1992,https://factpages.npd.no/factpages/default.aspx?nav1=field&nav2=PageView|All&nav3=43778,https://factmaps.npd.no/factmaps/3_0/?run=FieldByNPDID&NPDID=43778,BUSINESS ARRANGEMENT AREA,NORNE INSIDE,Equinor Energy AS,https://factpages.npd.no/factpages/default.aspx?nav1=wellbore&nav2=PageView|Exploration|All&nav3=1782,OIL/GAS,Norwegian Sea,32011216,40672,00:00.0,00:00.0,Sandnessj├╕en,27475.40875,14716407
121,33197696,6776,NOVA,Approved for production,35/9-7,2012,https://factpages.npd.no/factpages/default.aspx?nav1=field&nav2=PageView|All&nav3=33197696,https://factmaps.npd.no/factmaps/3_0/?run=FieldByNPDID&NPDID=33197696,PRODUCTION LICENSE,418,Wintershall Dea Norge AS,https://factpages.npd.no/factpages/default.aspx?nav1=wellbore&nav2=PageView|Exploration|All&nav3=6776,OIL,North Sea,35318843,4238348,00:00.0,00:00.0,Flor├╕,33024.32296,28428752.09
116,29412516,6630,ODA,Producing,8/10-4 S,2011,https://factpages.npd.no/factpages/default.aspx?nav1=field&nav2=PageView|All&nav3=29412516,https://factmaps.npd.no/factmaps/3_0/?run=FieldByNPDID&NPDID=29412516,PRODUCTION LICENSE,405,Spirit Energy Norway AS,https://factpages.npd.no/factpages/default.aspx?nav1=wellbore&nav2=PageView|Exploration|All&nav3=6630,OIL,North Sea,33342085,4237284,00:00.0,00:00.0,,6864.992149,2420914.003
24,43610,392,ODIN,Shut down,30/10/2002,1974,https://factpages.npd.no/factpages/default.aspx?nav1=field&nav2=PageView|All&nav3=43610,https://factmaps.npd.no/factmaps/3_0/?run=FieldByNPDID&NPDID=43610,PRODUCTION LICENSE,903,Equinor Energy AS,https://factpages.npd.no/factpages/default.aspx?nav1=wellbore&nav2=PageView|Exploration|All&nav3=392,GAS,North Sea,32011216,28974935,00:00.0,00:00.0,,31534.81082,28211493.22
64,2762452,3144,ORMEN LANGE,Producing,01/05/6305,1997,https://factpages.npd.no/factpages/default.aspx?nav1=field&nav2=PageView|All&nav3=2762452,https://factmaps.npd.no/factmaps/3_0/?run=FieldByNPDID&NPDID=2762452,BUSINESS ARRANGEMENT AREA,ORMEN LANGE UNIT,A/S Norske Shell,https://factpages.npd.no/factpages/default.aspx?nav1=wellbore&nav2=PageView|Exploration|All&nav3=3144,GAS,Norwegian Sea,562,2588637,00:00.0,00:00.0,Kristiansund,131928.4428,351884873.6
26,43625,380,OSEBERG,Producing,30/06/2001,1979,https://factpages.npd.no/factpages/default.aspx?nav1=field&nav2=PageView|All&nav3=43625,https://factmaps.npd.no/factmaps/3_0/?run=FieldByNPDID&NPDID=43625,BUSINESS ARRANGEMENT AREA,OSEBERG AREA UNIT,Equinor Energy AS,https://factpages.npd.no/factpages/default.aspx?nav1=wellbore&nav2=PageView|Exploration|All&nav3=380,OIL/GAS,North Sea,32011216,3500071,00:00.0,00:00.0,Mongstad,183394.0767,177995712.6
27,43639,118,OSEBERG ØST,Producing,30/06/2005,1981,https://factpages.npd.no/factpages/default.aspx?nav1=field&nav2=PageView|All&nav3=43639,https://factmaps.npd.no/factmaps/3_0/?run=FieldByNPDID&NPDID=43639,BUSINESS ARRANGEMENT AREA,OSEBERG AREA UNIT,Equinor Energy AS,https://factpages.npd.no/factpages/default.aspx?nav1=wellbore&nav2=PageView|Exploration|All&nav3=118,OIL,North Sea,32011216,3500071,00:00.0,00:00.0,Mongstad,47597.85247,52184035.78
28,43645,55,OSEBERG SØR,Producing,30/09/2003,1984,https://factpages.npd.no/factpages/default.aspx?nav1=field&nav2=PageView|All&nav3=43645,https://factmaps.npd.no/factmaps/3_0/?run=FieldByNPDID&NPDID=43645,BUSINESS ARRANGEMENT AREA,OSEBERG AREA UNIT,Equinor Energy AS,https://factpages.npd.no/factpages/default.aspx?nav1=wellbore&nav2=PageView|Exploration|All&nav3=55,OIL/GAS,North Sea,32011216,3500071,00:00.0,00:00.0,Mongstad,120589.4212,181766886.8
83,5506919,1521,OSELVAR,Shut down,01/03/2006,1991,https://factpages.npd.no/factpages/default.aspx?nav1=field&nav2=PageView|All&nav3=5506919,https://factmaps.npd.no/factmaps/3_0/?run=FieldByNPDID&NPDID=5506919,PRODUCTION LICENSE,274,DNO Norge AS,https://factpages.npd.no/factpages/default.aspx?nav1=wellbore&nav2=PageView|Exploration|All&nav3=1521,GAS,North Sea,29468270,2060266,00:00.0,00:00.0,,37181.21926,28864448.22
19,43576,353,ØST FRIGG,Shut down,25/02/2001,1973,https://factpages.npd.no/factpages/default.aspx?nav1=field&nav2=PageView|All&nav3=43576,https://factmaps.npd.no/factmaps/3_0/?run=FieldByNPDID&NPDID=43576,PRODUCTION LICENSE,873,Aker BP ASA,https://factpages.npd.no/factpages/default.aspx?nav1=wellbore&nav2=PageView|Exploration|All&nav3=353,GAS,North Sea,28544099,28973585,00:00.0,00:00.0,,33567.58937,19850314.89
76,4467554,3391,REV,Producing,15/12/2012,2001,https://factpages.npd.no/factpages/default.aspx?nav1=field&nav2=PageView|All&nav3=4467554,https://factmaps.npd.no/factmaps/3_0/?run=FieldByNPDID&NPDID=4467554,PRODUCTION LICENSE,038 C,Repsol Norge AS,https://factpages.npd.no/factpages/default.aspx?nav1=wellbore&nav2=PageView|Exploration|All&nav3=3391,OIL/GAS,North Sea,27052812,4005057,00:00.0,00:00.0,,10640.27379,3589060.2
71,3505505,4805,RINGHORNE ØST,Producing,25/8-14 S,2003,https://factpages.npd.no/factpages/default.aspx?nav1=field&nav2=PageView|All&nav3=3505505,https://factmaps.npd.no/factmaps/3_0/?run=FieldByNPDID&NPDID=3505505,BUSINESS ARRANGEMENT AREA,RINGHORNE ØST UNIT,V├Ñr Energi AS,https://factpages.npd.no/factpages/default.aspx?nav1=wellbore&nav2=PageView|Exploration|All&nav3=4805,OIL,North Sea,33360957,3505593,00:00.0,00:00.0,,23476.1435,19606071.19
59,1630100,91,SIGYN,Producing,16/07/2004,1982,https://factpages.npd.no/factpages/default.aspx?nav1=field&nav2=PageView|All&nav3=1630100,https://factmaps.npd.no/factmaps/3_0/?run=FieldByNPDID&NPDID=1630100,PRODUCTION LICENSE,72,Equinor Energy AS,https://factpages.npd.no/factpages/default.aspx?nav1=wellbore&nav2=PageView|Exploration|All&nav3=91,GAS/CONDENSATE,North Sea,32011216,21372,00:00.0,00:00.0,Dusavik,22076.97752,13616980.28
115,29401178,8102,SINDRE,Producing,34/10-55 S,2017,https://factpages.npd.no/factpages/default.aspx?nav1=field&nav2=PageView|All&nav3=29401178,https://factmaps.npd.no/factmaps/3_0/?run=FieldByNPDID&NPDID=29401178,BUSINESS ARRANGEMENT AREA,SINDRE UNIT,Equinor Energy AS,https://factpages.npd.no/factpages/default.aspx?nav1=wellbore&nav2=PageView|Exploration|All&nav3=8102,OIL/GAS,North Sea,32011216,29400473,00:00.0,00:00.0,,17510.85563,5135346.18
79,4704482,3683,SKARV,Producing,01/05/6507,1998,https://factpages.npd.no/factpages/default.aspx?nav1=field&nav2=PageView|All&nav3=4704482,https://factmaps.npd.no/factmaps/3_0/?run=FieldByNPDID&NPDID=4704482,BUSINESS ARRANGEMENT AREA,SKARV UNIT,Aker BP ASA,https://factpages.npd.no/factpages/default.aspx?nav1=wellbore&nav2=PageView|Exploration|All&nav3=3683,OIL/GAS,Norwegian Sea,28544099,4468539,00:00.0,00:00.0,Sandnessj├╕en,43915.93719,25317857.75
63,2138816,1488,SKIRNE,Producing,25/05/2003,1990,https://factpages.npd.no/factpages/default.aspx?nav1=field&nav2=PageView|All&nav3=2138816,https://factmaps.npd.no/factmaps/3_0/?run=FieldByNPDID&NPDID=2138816,PRODUCTION LICENSE,102,Total E&P Norge AS,https://factpages.npd.no/factpages/default.aspx?nav1=wellbore&nav2=PageView|Exploration|All&nav3=1488,GAS/CONDENSATE,North Sea,2410708,21620,00:00.0,00:00.0,,31350.22708,13314609.84
118,31164600,6368,SKOGUL,Producing,25/1-11 R,2010,https://factpages.npd.no/factpages/default.aspx?nav1=field&nav2=PageView|All&nav3=31164600,https://factmaps.npd.no/factmaps/3_0/?run=FieldByNPDID&NPDID=31164600,PRODUCTION LICENSE,460,Aker BP ASA,https://factpages.npd.no/factpages/default.aspx?nav1=wellbore&nav2=PageView|Exploration|All&nav3=6368,OIL,North Sea,28544099,4910195,00:00.0,00:00.0,,9437.233435,2303391.454
96,21350124,5949,SKULD,Producing,12/10/6608,2008,https://factpages.npd.no/factpages/default.aspx?nav1=field&nav2=PageView|All&nav3=21350124,https://factmaps.npd.no/factmaps/3_0/?run=FieldByNPDID&NPDID=21350124,PRODUCTION LICENSE,128,Equinor Energy AS,https://factpages.npd.no/factpages/default.aspx?nav1=wellbore&nav2=PageView|Exploration|All&nav3=5949,OIL,Norwegian Sea,32011216,21836,00:00.0,00:00.0,Sandnessj├╕en,15002.02518,6514794.061
6,43478,328,SLEIPNER ØST,Producing,15/09/2009,1981,https://factpages.npd.no/factpages/default.aspx?nav1=field&nav2=PageView|All&nav3=43478,https://factmaps.npd.no/factmaps/3_0/?run=FieldByNPDID&NPDID=43478,BUSINESS ARRANGEMENT AREA,SLEIPNER ØST UNIT,Equinor Energy AS,https://factpages.npd.no/factpages/default.aspx?nav1=wellbore&nav2=PageView|Exploration|All&nav3=328,GAS/CONDENSATE,North Sea,32011216,41211,00:00.0,00:00.0,Dusavik,62911.93362,57574553.11
4,43457,318,SLEIPNER VEST,Producing,15/06/2003,1974,https://factpages.npd.no/factpages/default.aspx?nav1=field&nav2=PageView|All&nav3=43457,https://factmaps.npd.no/factmaps/3_0/?run=FieldByNPDID&NPDID=43457,BUSINESS ARRANGEMENT AREA,SLEIPNER VEST UNIT,Equinor Energy AS,https://factpages.npd.no/factpages/default.aspx?nav1=wellbore&nav2=PageView|Exploration|All&nav3=318,GAS/CONDENSATE,North Sea,32011216,40848,00:00.0,00:00.0,Dusavik,89701.70534,101475732.4
62,2053062,135,SNØHVIT,Producing,01/04/7121,1984,https://factpages.npd.no/factpages/default.aspx?nav1=field&nav2=PageView|All&nav3=2053062,https://factmaps.npd.no/factmaps/3_0/?run=FieldByNPDID&NPDID=2053062,BUSINESS ARRANGEMENT AREA,SNØHVIT UNIT,Equinor Energy AS,https://factpages.npd.no/factpages/default.aspx?nav1=wellbore&nav2=PageView|Exploration|All&nav3=135,GAS,Barents Sea,32011216,1333943,00:00.0,00:00.0,Hammerfest,295536.2333,353903259.5
36,43718,422,SNORRE,Producing,34/4-1,1979,https://factpages.npd.no/factpages/default.aspx?nav1=field&nav2=PageView|All&nav3=43718,https://factmaps.npd.no/factmaps/3_0/?run=FieldByNPDID&NPDID=43718,BUSINESS ARRANGEMENT AREA,SNORRE UNIT,Equinor Energy AS,https://factpages.npd.no/factpages/default.aspx?nav1=wellbore&nav2=PageView|Exploration|All&nav3=422,OIL,North Sea,32011216,40906,00:00.0,00:00.0,Flor├╕,70272.63644,121140267.7
123,34833011,7098,SOLVEIG,Approved for production,16/4-6 S,2013,https://factpages.npd.no/factpages/default.aspx?nav1=field&nav2=PageView|All&nav3=34833011,https://factmaps.npd.no/factmaps/3_0/?run=FieldByNPDID&NPDID=34833011,PRODUCTION LICENSE,359,Lundin Energy Norway AS,https://factpages.npd.no/factpages/default.aspx?nav1=wellbore&nav2=PageView|Exploration|All&nav3=7098,OIL,North Sea,36998861,3810373,00:00.0,00:00.0,Tananger,34808.09756,31206873.44
30,43658,417,STATFJORD,Producing,33/12-1,1974,https://factpages.npd.no/factpages/default.aspx?nav1=field&nav2=PageView|All&nav3=43658,https://factmaps.npd.no/factmaps/3_0/?run=FieldByNPDID&NPDID=43658,BUSINESS ARRANGEMENT AREA,STATFJORD UNIT,Equinor Energy AS,https://factpages.npd.no/factpages/default.aspx?nav1=wellbore&nav2=PageView|Exploration|All&nav3=417,OIL,North Sea,32011216,41686,00:00.0,00:00.0,Mongstad,67468.11336,92792104.73
33,43679,413,STATFJORD NORD,Producing,33/9-8,1977,https://factpages.npd.no/factpages/default.aspx?nav1=field&nav2=PageView|All&nav3=43679,https://factmaps.npd.no/factmaps/3_0/?run=FieldByNPDID&NPDID=43679,PRODUCTION LICENSE,37,Equinor Energy AS,https://factpages.npd.no/factpages/default.aspx?nav1=wellbore&nav2=PageView|Exploration|All&nav3=413,OIL,North Sea,32011216,21084,00:00.0,00:00.0,Mongstad,17003.9582,11378954.73
32,43672,412,STATFJORD ØST,Producing,33/9-7,1976,https://factpages.npd.no/factpages/default.aspx?nav1=field&nav2=PageView|All&nav3=43672,https://factmaps.npd.no/factmaps/3_0/?run=FieldByNPDID&NPDID=43672,BUSINESS ARRANGEMENT AREA,STATFJORD ØST UNIT,Equinor Energy AS,https://factpages.npd.no/factpages/default.aspx?nav1=wellbore&nav2=PageView|Exploration|All&nav3=412,OIL,North Sea,32011216,41233,00:00.0,00:00.0,Mongstad,17675.16236,11358188.88
101,22507971,1920,SVALIN,Producing,25/11/2016,1992,https://factpages.npd.no/factpages/default.aspx?nav1=field&nav2=PageView|All&nav3=22507971,https://factmaps.npd.no/factmaps/3_0/?run=FieldByNPDID&NPDID=22507971,PRODUCTION LICENSE,169,Equinor Energy AS,https://factpages.npd.no/factpages/default.aspx?nav1=wellbore&nav2=PageView|Exploration|All&nav3=1920,OIL,North Sea,32011216,22164,00:00.0,00:00.0,Dusavik,19547.96493,6207840.803
51,104718,2830,SYGNA,Producing,33/9-19 S,1996,https://factpages.npd.no/factpages/default.aspx?nav1=field&nav2=PageView|All&nav3=104718,https://factmaps.npd.no/factmaps/3_0/?run=FieldByNPDID&NPDID=104718,BUSINESS ARRANGEMENT AREA,SYGNA UNIT,Equinor Energy AS,https://factpages.npd.no/factpages/default.aspx?nav1=wellbore&nav2=PageView|Exploration|All&nav3=2830,OIL,North Sea,32011216,96205,00:00.0,00:00.0,Flor├╕,7181.024452,2640053.01
53,1028599,87,TAMBAR,Producing,01/03/2003,1983,https://factpages.npd.no/factpages/default.aspx?nav1=field&nav2=PageView|All&nav3=1028599,https://factmaps.npd.no/factmaps/3_0/?run=FieldByNPDID&NPDID=1028599,PRODUCTION LICENSE,65,Aker BP ASA,https://factpages.npd.no/factpages/default.aspx?nav1=wellbore&nav2=PageView|Exploration|All&nav3=87,OIL,North Sea,28544099,21316,00:00.0,00:00.0,Tananger,23715.33503,8898930.216
82,4999528,5485,TAMBAR ØST,Producing,1/3-K-5,2007,https://factpages.npd.no/factpages/default.aspx?nav1=field&nav2=PageView|All&nav3=4999528,https://factmaps.npd.no/factmaps/3_0/?run=FieldByNPDID&NPDID=4999528,BUSINESS ARRANGEMENT AREA,TAMBAR ØST UNIT,Aker BP ASA,https://factpages.npd.no/factpages/default.aspx?nav1=wellbore&nav2=PageView|Exploration|All&nav3=5485,OIL,North Sea,28544099,4999504,00:00.0,00:00.0,,14539.88355,3579319.429
2,43444,247,TOMMELITEN GAMMA,Shut down,01/09/2004,1978,https://factpages.npd.no/factpages/default.aspx?nav1=field&nav2=PageView|All&nav3=43444,https://factmaps.npd.no/factmaps/3_0/?run=FieldByNPDID&NPDID=43444,BUSINESS ARRANGEMENT AREA,TOMMELITEN UNIT,ConocoPhillips Skandinavia AS,https://factpages.npd.no/factpages/default.aspx?nav1=wellbore&nav2=PageView|Exploration|All&nav3=247,GAS/CONDENSATE,North Sea,2410696,41411,00:00.0,00:00.0,,8049.616175,4984098.171
11,43520,178,TOR,Approved for production,02/05/2001,1970,https://factpages.npd.no/factpages/default.aspx?nav1=field&nav2=PageView|All&nav3=43520,https://factmaps.npd.no/factmaps/3_0/?run=FieldByNPDID&NPDID=43520,BUSINESS ARRANGEMENT AREA,TOR UNIT,ConocoPhillips Skandinavia AS,https://factpages.npd.no/factpages/default.aspx?nav1=wellbore&nav2=PageView|Exploration|All&nav3=178,OIL,North Sea,2410696,45891,00:00.0,00:00.0,Tananger,19851.44844,17381020.97
37,43725,1187,TORDIS,Producing,34/7-12,1987,https://factpages.npd.no/factpages/default.aspx?nav1=field&nav2=PageView|All&nav3=43725,https://factmaps.npd.no/factmaps/3_0/?run=FieldByNPDID&NPDID=43725,PRODUCTION LICENSE,89,Equinor Energy AS,https://factpages.npd.no/factpages/default.aspx?nav1=wellbore&nav2=PageView|Exploration|All&nav3=1187,OIL,North Sea,32011216,21516,00:00.0,00:00.0,Flor├╕,48819.56274,28622861.28
113,29396445,863,TRESTAKK,Producing,02/03/6406,1986,https://factpages.npd.no/factpages/default.aspx?nav1=field&nav2=PageView|All&nav3=29396445,https://factmaps.npd.no/factmaps/3_0/?run=FieldByNPDID&NPDID=29396445,PRODUCTION LICENSE,91,Equinor Energy AS,https://factpages.npd.no/factpages/default.aspx?nav1=wellbore&nav2=PageView|Exploration|All&nav3=863,OIL,Norwegian Sea,32011216,21532,00:00.0,00:00.0,Kristiansund,29417.95929,22954465.02
49,46437,398,TROLL,Producing,31/2-1,1979,https://factpages.npd.no/factpages/default.aspx?nav1=field&nav2=PageView|All&nav3=46437,https://factmaps.npd.no/factmaps/3_0/?run=FieldByNPDID&NPDID=46437,BUSINESS ARRANGEMENT AREA,TROLL UNIT,Equinor Energy AS,https://factpages.npd.no/factpages/default.aspx?nav1=wellbore&nav2=PageView|Exploration|All&nav3=398,OIL/GAS,North Sea,32011216,41105,00:00.0,00:00.0,Mongstad,326184.3403,647703631
114,29398828,5102,TROLL BRENT B,Shut down,31/2-N-11 H,2005,https://factpages.npd.no/factpages/default.aspx?nav1=field&nav2=PageView|All&nav3=29398828,https://factmaps.npd.no/factmaps/3_0/?run=FieldByNPDID&NPDID=29398828,PRODUCTION LICENSE,54,Equinor Energy AS,https://factpages.npd.no/factpages/default.aspx?nav1=wellbore&nav2=PageView|Exploration|All&nav3=5102,OIL,North Sea,32011216,21228,00:00.0,00:00.0,Mongstad,10440.25418,2965737.565
85,18081500,1467,TRYM,Producing,03/07/2004,1990,https://factpages.npd.no/factpages/default.aspx?nav1=field&nav2=PageView|All&nav3=18081500,https://factmaps.npd.no/factmaps/3_0/?run=FieldByNPDID&NPDID=18081500,PRODUCTION LICENSE,147,DNO Norge AS,https://factpages.npd.no/factpages/default.aspx?nav1=wellbore&nav2=PageView|Exploration|All&nav3=1467,GAS/CONDENSATE,North Sea,29468270,21988,00:00.0,00:00.0,,6608.469588,2469153.05
52,853376,2430,TUNE,Producing,30/8-1 S,1995,https://factpages.npd.no/factpages/default.aspx?nav1=field&nav2=PageView|All&nav3=853376,https://factmaps.npd.no/factmaps/3_0/?run=FieldByNPDID&NPDID=853376,PRODUCTION LICENSE,190,Equinor Energy AS,https://factpages.npd.no/factpages/default.aspx?nav1=wellbore&nav2=PageView|Exploration|All&nav3=2430,GAS/CONDENSATE,North Sea,32011216,22332,00:00.0,00:00.0,Mongstad,35018.12269,20374630
72,3960848,61,TYRIHANS,Producing,02/01/6407,1983,https://factpages.npd.no/factpages/default.aspx?nav1=field&nav2=PageView|All&nav3=3960848,https://factmaps.npd.no/factmaps/3_0/?run=FieldByNPDID&NPDID=3960848,BUSINESS ARRANGEMENT AREA,TYRIHANS UNIT,Equinor Energy AS,https://factpages.npd.no/factpages/default.aspx?nav1=wellbore&nav2=PageView|Exploration|All&nav3=61,GAS/CONDENSATE,Norwegian Sea,32011216,3488806,00:00.0,00:00.0,Kristiansund,48506.88047,50617879.43
47,43800,295,ULA,Producing,07/12/2002,1976,https://factpages.npd.no/factpages/default.aspx?nav1=field&nav2=PageView|All&nav3=43800,https://factmaps.npd.no/factmaps/3_0/?run=FieldByNPDID&NPDID=43800,PRODUCTION LICENSE,19,Aker BP ASA,https://factpages.npd.no/factpages/default.aspx?nav1=wellbore&nav2=PageView|Exploration|All&nav3=295,OIL,North Sea,28544099,20916,00:00.0,00:00.0,Tananger,23951.44999,22439603.97
65,2834734,3260,URD,Producing,06/10/6608,2000,https://factpages.npd.no/factpages/default.aspx?nav1=field&nav2=PageView|All&nav3=2834734,https://factmaps.npd.no/factmaps/3_0/?run=FieldByNPDID&NPDID=2834734,PRODUCTION LICENSE,128,Equinor Energy AS,https://factpages.npd.no/factpages/default.aspx?nav1=wellbore&nav2=PageView|Exploration|All&nav3=3260,OIL,Norwegian Sea,32011216,21836,00:00.0,00:00.0,Sandnessj├╕en,30259.02879,8752288.092
111,28975098,321,UTGARD,Producing,15/08/2001,1982,https://factpages.npd.no/factpages/default.aspx?nav1=field&nav2=PageView|All&nav3=28975098,https://factmaps.npd.no/factmaps/3_0/?run=FieldByNPDID&NPDID=28975098,BUSINESS ARRANGEMENT AREA,UTGARD UNIT,Equinor Energy AS,https://factpages.npd.no/factpages/default.aspx?nav1=wellbore&nav2=PageView|Exploration|All&nav3=321,GAS,North Sea,32011216,28975129,00:00.0,00:00.0,,26529.57103,14075165.26
58,1578893,1703,VALE,Producing,25/4-6 S,1991,https://factpages.npd.no/factpages/default.aspx?nav1=field&nav2=PageView|All&nav3=1578893,https://factmaps.npd.no/factmaps/3_0/?run=FieldByNPDID&NPDID=1578893,PRODUCTION LICENSE,36,Spirit Energy Norway AS,https://factpages.npd.no/factpages/default.aspx?nav1=wellbore&nav2=PageView|Exploration|All&nav3=1703,GAS/CONDENSATE,North Sea,33342085,21076,00:00.0,00:00.0,,15430.19385,5343544.813
89,20460969,476,VALEMON,Producing,34/10-23,1985,https://factpages.npd.no/factpages/default.aspx?nav1=field&nav2=PageView|All&nav3=20460969,https://factmaps.npd.no/factmaps/3_0/?run=FieldByNPDID&NPDID=20460969,BUSINESS ARRANGEMENT AREA,VALEMON UNIT,Equinor Energy AS,https://factpages.npd.no/factpages/default.aspx?nav1=wellbore&nav2=PageView|Exploration|All&nav3=476,GAS/CONDENSATE,North Sea,32011216,18403644,00:00.0,00:00.0,Mongstad,91994.27613,80164198.95
15,43548,276,VALHALL,Producing,02/08/2006,1975,https://factpages.npd.no/factpages/default.aspx?nav1=field&nav2=PageView|All&nav3=43548,https://factmaps.npd.no/factmaps/3_0/?run=FieldByNPDID&NPDID=43548,BUSINESS ARRANGEMENT AREA,VALHALL UNIT,Aker BP ASA,https://factpages.npd.no/factpages/default.aspx?nav1=wellbore&nav2=PageView|Exploration|All&nav3=276,OIL,North Sea,28544099,41657,00:00.0,00:00.0,Tananger,27197.0757,47539999.36
3,43451,438,VARG,Shut down,15/12/2004,1984,https://factpages.npd.no/factpages/default.aspx?nav1=field&nav2=PageView|All&nav3=43451,https://factmaps.npd.no/factmaps/3_0/?run=FieldByNPDID&NPDID=43451,PRODUCTION LICENSE,1034,Chrysaor Norge AS,https://factpages.npd.no/factpages/default.aspx?nav1=wellbore&nav2=PageView|Exploration|All&nav3=438,OIL,North Sea,32035996,36464054,00:00.0,00:00.0,Tananger,26427.34604,15275064.03
78,4467595,205,VEGA,Producing,35/8-1,1981,https://factpages.npd.no/factpages/default.aspx?nav1=field&nav2=PageView|All&nav3=4467595,https://factmaps.npd.no/factmaps/3_0/?run=FieldByNPDID&NPDID=4467595,BUSINESS ARRANGEMENT AREA,VEGA UNIT,Wintershall Dea Norge AS,https://factpages.npd.no/factpages/default.aspx?nav1=wellbore&nav2=PageView|Exploration|All&nav3=205,GAS/CONDENSATE,North Sea,35318843,20459640,00:00.0,00:00.0,Flor├╕,45847.85884,28749165.33
25,43618,508,VESLEFRIKK,Producing,30/3-2 R,1981,https://factpages.npd.no/factpages/default.aspx?nav1=field&nav2=PageView|All&nav3=43618,https://factmaps.npd.no/factmaps/3_0/?run=FieldByNPDID&NPDID=43618,PRODUCTION LICENSE,52,Equinor Energy AS,https://factpages.npd.no/factpages/default.aspx?nav1=wellbore&nav2=PageView|Exploration|All&nav3=508,OIL,North Sea,32011216,21212,00:00.0,00:00.0,Mongstad,25120.95991,29642152.13
10,43513,181,VEST EKOFISK,Shut down,02/04/2006,1970,https://factpages.npd.no/factpages/default.aspx?nav1=field&nav2=PageView|All&nav3=43513,https://factmaps.npd.no/factmaps/3_0/?run=FieldByNPDID&NPDID=43513,PRODUCTION LICENSE,18,ConocoPhillips Skandinavia AS,https://factpages.npd.no/factpages/default.aspx?nav1=wellbore&nav2=PageView|Exploration|All&nav3=181,GAS/CONDENSATE,North Sea,2410696,20900,00:00.0,00:00.0,,15135.8675,7557301.041
38,43732,878,VIGDIS,Producing,34/7-8,1986,https://factpages.npd.no/factpages/default.aspx?nav1=field&nav2=PageView|All&nav3=43732,https://factmaps.npd.no/factmaps/3_0/?run=FieldByNPDID&NPDID=43732,PRODUCTION LICENSE,89,Equinor Energy AS,https://factpages.npd.no/factpages/default.aspx?nav1=wellbore&nav2=PageView|Exploration|All&nav3=878,OIL,North Sea,32011216,21516,00:00.0,00:00.0,Flor├╕,71039.74865,51836039.58
67,3392471,4278,VILJE,Producing,25/4-9 S,2003,https://factpages.npd.no/factpages/default.aspx?nav1=field&nav2=PageView|All&nav3=3392471,https://factmaps.npd.no/factmaps/3_0/?run=FieldByNPDID&NPDID=3392471,PRODUCTION LICENSE,036 D,Aker BP ASA,https://factpages.npd.no/factpages/default.aspx?nav1=wellbore&nav2=PageView|Exploration|All&nav3=4278,OIL,North Sea,28544099,5081703,00:00.0,00:00.0,,12688.79309,6699831.593
39,43745,854,VISUND,Producing,34/8-1,1986,https://factpages.npd.no/factpages/default.aspx?nav1=field&nav2=PageView|All&nav3=43745,https://factmaps.npd.no/factmaps/3_0/?run=FieldByNPDID&NPDID=43745,BUSINESS ARRANGEMENT AREA,VISUND INSIDE,Equinor Energy AS,https://factpages.npd.no/factpages/default.aspx?nav1=wellbore&nav2=PageView|Exploration|All&nav3=854,OIL/GAS,North Sea,32011216,40726,00:00.0,00:00.0,Flor├╕,73949.86633,57420382.41
91,20461008,5943,VISUND SØR,Producing,34/8-14 S,2008,https://factpages.npd.no/factpages/default.aspx?nav1=field&nav2=PageView|All&nav3=20461008,https://factmaps.npd.no/factmaps/3_0/?run=FieldByNPDID&NPDID=20461008,BUSINESS ARRANGEMENT AREA,VISUND INSIDE,Equinor Energy AS,https://factpages.npd.no/factpages/default.aspx?nav1=wellbore&nav2=PageView|Exploration|All&nav3=5943,OIL/GAS,North Sea,32011216,40726,00:00.0,00:00.0,Mongstad,12594.77452,6813817.621
74,4380167,2244,VOLUND,Producing,24/09/2005,1994,https://factpages.npd.no/factpages/default.aspx?nav1=field&nav2=PageView|All&nav3=4380167,https://factmaps.npd.no/factmaps/3_0/?run=FieldByNPDID&NPDID=4380167,PRODUCTION LICENSE,150,Aker BP ASA,https://factpages.npd.no/factpages/default.aspx?nav1=wellbore&nav2=PageView|Exploration|All&nav3=2244,OIL,North Sea,28544099,22012,00:00.0,00:00.0,,60223.13841,18218023.26
68,3420717,2105,VOLVE,Shut down,15/9-19 SR,1993,https://factpages.npd.no/factpages/default.aspx?nav1=field&nav2=PageView|All&nav3=3420717,https://factmaps.npd.no/factmaps/3_0/?run=FieldByNPDID&NPDID=3420717,,,,https://factpages.npd.no/factpages/default.aspx?nav1=wellbore&nav2=PageView|Exploration|All&nav3=2105,OIL,North Sea,,,00:00.0,00:00.0,Dusavik,7748.274809,3732525.854
48,43807,1038,YME,Approved for production,09/02/2001,1987,https://factpages.npd.no/factpages/default.aspx?nav1=field&nav2=PageView|All&nav3=43807,https://factmaps.npd.no/factmaps/3_0/?run=FieldByNPDID&NPDID=43807,PRODUCTION LICENSE,316,Repsol Norge AS,https://factpages.npd.no/factpages/default.aspx?nav1=wellbore&nav2=PageView|Exploration|All&nav3=1038,OIL,North Sea,27052812,2786469,00:00.0,00:00.0,,55943.02452,38418459.92
81,4973114,5562,YTTERGRYTA,Shut down,08/11/6507,2007,https://factpages.npd.no/factpages/default.aspx?nav1=field&nav2=PageView|All&nav3=4973114,https://factmaps.npd.no/factmaps/3_0/?run=FieldByNPDID&NPDID=4973114,PRODUCTION LICENSE,62,Equinor Energy AS,https://factpages.npd.no/factpages/default.aspx?nav1=wellbore&nav2=PageView|Exploration|All&nav3=5562,GAS,Norwegian Sea,32011216,21292,00:00.0,00:00.0,,7429.678801,2908767.1
